suite	basis_vectors	statistics	input	implementation	readout_seconds	total_seconds	output_sha256
headline	1	2	bed	cuda_build_no_cuda	3.13740	3.47664	230d288e3b19e619b20004afb9a4bbfdeb9632f9d17f129099e84da4a62d5dbc
headline	1	2	bed	a100_cuda	0.307972	0.918506	230d288e3b19e619b20004afb9a4bbfdeb9632f9d17f129099e84da4a62d5dbc
headline	21	2	bed	cuda_build_no_cuda	9.41267	9.81594	b3bc464f4cd83d7476fabc74a772621f541e609bc9107b6742aefa0c8b43a196
headline	21	2	bed	a100_cuda	0.838406	1.49640	b3bc464f4cd83d7476fabc74a772621f541e609bc9107b6742aefa0c8b43a196
headline	21	2	pgen	cuda_build_no_cuda	7.72608	8.15325	b3bc464f4cd83d7476fabc74a772621f541e609bc9107b6742aefa0c8b43a196
headline	21	2	pgen	a100_cuda	1.07181	1.75548	b3bc464f4cd83d7476fabc74a772621f541e609bc9107b6742aefa0c8b43a196
rejected_dense_bgen	21	2	bgen_zlib	cuda_build_no_cuda	24.0605	24.4578	dcef23da6c24d29cdab6667af02c62cbe7aae2b7c08815116e1381999c870f0a
rejected_dense_bgen	21	2	bgen_zlib	a100_cuda_experiment	23.0523	23.8213	dcef23da6c24d29cdab6667af02c62cbe7aae2b7c08815116e1381999c870f0a
